,GDP_growth_rate,Year
0,2.7,1995
1,3.8,1996
2,4.4,1997
3,4.5,1998
4,4.8,1999
5,4.1,2000
6,1.0,2001
7,1.7,2002
8,2.8,2003
9,3.8,2004
10,3.5,2005
11,2.8,2006
12,2.0,2007
13,0.1,2008
14,-2.6,2009
15,2.7,2010
16,1.6,2011
17,2.3,2012
18,2.1,2013
19,2.5,2014
20,2.9,2015
21,1.8,2016
22,2.5,2017
23,3.0,2018
24,2.6,2019
25,-2.2,2020
26,6.1,2021
27,2.5,2022
28,2.9,2023
